{"cameraMode":{"drawMode":0,"name":"Shaded","section":"Shading Mode"},"sceneLighting":false,"audioPlay":false,"sceneViewState":{"showFog":true,"showMaterialUpdate":false,"showSkybox":false,"showFlares":true,"showImageEffects":true,"showParticleSystems":true},"in2DMode":false,"pivot":{"x":-5.0,"y":0.09117841720581055,"z":4.041802883148193},"rotation":{"x":-0.14378583431243897,"y":-0.01870524138212204,"z":0.0027185187209397556,"w":-0.9894283413887024},"size":3.775031805038452,"orthographic":false}