{"cameraMode":{"drawMode":0,"name":"Shaded","section":"Shading Mode"},"sceneLighting":true,"audioPlay":false,"sceneViewState":{"showFog":true,"showMaterialUpdate":false,"showSkybox":true,"showFlares":true,"showImageEffects":true,"showParticleSystems":true},"in2DMode":false,"pivot":{"x":-0.025455832481384279,"y":0.8396868705749512,"z":-3.80401611328125},"rotation":{"x":-0.3510722219944,"y":0.08606166392564774,"z":-0.032424215227365497,"w":-0.9318210482597351},"size":17.34579086303711,"orthographic":false}