{"cameraMode":{"drawMode":0,"name":"Shaded","section":"Shading Mode"},"sceneLighting":false,"audioPlay":false,"sceneViewState":{"showFog":true,"showMaterialUpdate":false,"showSkybox":true,"showFlares":true,"showImageEffects":true,"showParticleSystems":true},"in2DMode":false,"pivot":{"x":1.1532578468322755,"y":0.031949400901794437,"z":0.03360578417778015},"rotation":{"x":-0.5647829174995422,"y":0.15181168913841248,"z":-0.10662702471017838,"w":-0.8041170835494995},"size":1.0290601253509522,"orthographic":false}