{"cameraMode":{"drawMode":0,"name":"Shaded","section":"Shading Mode"},"sceneLighting":false,"audioPlay":false,"sceneViewState":{"showFog":true,"showMaterialUpdate":false,"showSkybox":false,"showFlares":true,"showImageEffects":true,"showParticleSystems":true},"in2DMode":false,"pivot":{"x":0.10753181576728821,"y":0.13407862186431886,"z":3.984049081802368},"rotation":{"x":-0.30810773372650149,"y":0.5866588950157166,"z":-0.25694337487220766,"w":-0.7034777998924255},"size":5.0638580322265629,"orthographic":false}