{"cameraMode":{"drawMode":0,"name":"Shaded","section":"Shading Mode"},"sceneLighting":false,"audioPlay":false,"sceneViewState":{"showFog":true,"showMaterialUpdate":false,"showSkybox":false,"showFlares":true,"showImageEffects":true,"showParticleSystems":true},"in2DMode":false,"pivot":{"x":477.35205078125,"y":170.52523803710938,"z":34.63257598876953},"rotation":{"x":-0.538623571395874,"y":0.004294241778552532,"z":-0.0027452141512185337,"w":-0.842531144618988},"size":333.6918640136719,"orthographic":false}