{"cameraMode":{"drawMode":0,"name":"Shaded","section":"Shading Mode"},"sceneLighting":false,"audioPlay":false,"sceneViewState":{"showFog":true,"showMaterialUpdate":false,"showSkybox":true,"showFlares":true,"showImageEffects":true,"showParticleSystems":true},"in2DMode":false,"pivot":{"x":5.960464477539063e-8,"y":2.9802322387695315e-8,"z":-2.0999999046325685},"rotation":{"x":-0.3098035454750061,"y":0.10015564411878586,"z":-0.03283628076314926,"w":-0.944940447807312},"size":7.223904132843018,"orthographic":false}